SpeciesName,month,year,stateProvince,decimalLatitude,decimalLongitude
Sandpiper,3,1991,Victoria,-37.7787,149.0094
Sandpiper,12,1980,Victoria,-38.4151,142.418
Sandpiper,3,1999,Victoria,-38.3532,141.6017
Sandpiper,12,1980,Victoria,-38.0818,145.0846
Sandpiper,9,2018,Victoria,-38.4019,142.475
Sandpiper,,,Victoria,-35.5818,143.7513
Sandpiper,12,1985,Victoria,-38.2068,145.3763
Sandpiper,12,1998,Victoria,-38.3532,141.6017
Sandpiper,12,1977,Victoria,-38.4152,142.2513
Sandpiper,12,1977,Victoria,-38.4151,142.418
Sandpiper,9,1999,Victoria,-38.3532,141.6017
Sandpiper,12,1998,Victoria,-38.4005,142.4701
Sandpiper,,,Victoria,-38.4151,144.2513
Sandpiper,9,1998,Victoria,-38.3649,141.6017
Sandpiper,12,1978,Victoria,-38.4984,145.3346
Sandpiper,9,2000,Victoria,-38.3532,141.6017
Sandpiper,12,1979,Victoria,-38.4152,142.2513
Sandpiper,,,Victoria,-35.6651,143.8346
Sandpiper,,,Victoria,-35.5818,143.7513
Sandpiper,,,Victoria,-38.0651,147.7679
Sandpiper,12,1992,Victoria,-38.2068,145.3763
Sandpiper,3,1977,Victoria,-38.4152,142.2513
Sandpiper,9,2000,Victoria,-38.2601,144.4885
Sandpiper,12,1999,Victoria,-38.3532,141.6017
Sandpiper,12,1980,Victoria,-38.4152,142.2513
Sandpiper,12,2000,Victoria,-37.8564,144.8523
Sandpiper,12,1977,Victoria,-38.4152,142.2513
Sandpiper,9,2017,Victoria,-38.561,142.0944
Sandpiper,3,2002,Victoria,-38.0437,141.0067
Sandpiper,3,2018,Victoria,-37.9979,144.5917
Sandpiper,12,1998,Victoria,-38.2601,144.4885
Sandpiper,12,2017,Victoria,-37.9028,144.7793
Sandpiper,3,1977,Victoria,-38.0818,145.0846
Sandpiper,12,1975,Victoria,-38.4214,145.3488
Sandpiper,12,1978,Victoria,-38.0818,145.0846
Sandpiper,12,1975,Victoria,-37.6651,150.0012
Sandpiper,3,2017,Victoria,-36.5156,142.9389
Sandpiper,12,1998,Victoria,-37.8592,144.8556
Sandpiper,9,1977,Victoria,-38.4151,142.418
Sandpiper,3,1978,Victoria,-38.0818,145.0846
Sandpiper,12,1977,Victoria,-38.0818,145.0846
Sandpiper,,,Victoria,-38.4151,145.4179
Sandpiper,9,2017,Victoria,-37.8795,144.8037
Sandpiper,9,1978,Victoria,-38.4151,142.5847
Sandpiper,9,2014,Victoria,-37.9954,144.6307
Sandpiper,12,1981,Victoria,-37.7484,144.9179
Sandpiper,12,2017,Victoria,-38.561,142.0944
Sandpiper,3,1981,Victoria,-38.4152,142.2513
Sandpiper,3,2015,Victoria,-38.0348,141.0012
Sandpiper,3,2001,Victoria,-37.9832,144.6482
Sandpiper,12,2018,Victoria,-38.561,142.0944
Sandpiper,3,1999,Victoria,-38.0537,141.011
Sandpiper,9,1990,Victoria,-38.381,145.2959
Sandpiper,12,1991,Victoria,-38.0482,147.452
Sandpiper,3,2014,Victoria,-38.2732,144.5938
Sandpiper,12,2017,Victoria,-38.561,142.0944
Sandpiper,9,2017,Victoria,-38.3808,142.2405
Sandpiper,3,2007,Victoria,-38.5069,145.1588
Sandpiper,9,2006,Victoria,-38.6641,145.7013
Sandpiper,12,1986,Victoria,-38.8558,145.9934
Sandpiper,12,1991,Victoria,-38.0482,147.452
Sandpiper,3,2001,Victoria,-38.0537,141.011
Sandpiper,9,1987,Victoria,-38.0401,144.543
Sandpiper,12,2018,Victoria,-37.9979,144.5917
Sandpiper,12,1978,Victoria,-38.4151,142.418
Sandpiper,,,Victoria,-34.7485,142.4179
Sandpiper,3,1999,Victoria,-38.0555,140.9951
Sandpiper,9,2018,Victoria,-38.3885,142.2411
Sandpiper,12,1991,Victoria,-38.0482,147.452
Sandpiper,12,2018,Victoria,-37.9028,144.7793
Sandpiper,9,2001,Victoria,-38.6564,145.7778
Sandpiper,3,1978,New South Wales,-36.0818,146.9179
Sandpiper,12,1978,Victoria,-38.4984,145.3346
Sandpiper,3,1998,Victoria,-38.3402,142.0597
Sandpiper,3,1990,Victoria,-37.754,144.5897
Sandpiper,3,1988,Victoria,-38.1528,144.4209
Sandpiper,3,1977,Victoria,-38.4152,142.2513
Sandpiper,12,1979,Victoria,-38.0818,145.0846
Sandpiper,9,2007,Victoria,-38.6564,145.7778
Sandpiper,,,Victoria,-35.5818,143.7513
Sandpiper,9,2017,Victoria,-38.3565,142.3109
Sandpiper,3,1981,Victoria,-38.0818,144.5846
Sandpiper,3,1979,Victoria,-38.4152,142.2513
Sandpiper,,,Victoria,-37.5817,149.7512
Sandpiper,12,1978,Victoria,-38.4152,142.2513
Sandpiper,9,2006,Victoria,-37.9619,144.633
Sandpiper,12,1977,Victoria,-38.4152,142.2513
Sandpiper,,,Victoria,-38.319,145.1887
Sandpiper,3,1977,Victoria,-38.6401,146.7263
Sandpiper,3,1995,Victoria,-37.9849,144.6447
Sandpiper,12,1973,Victoria,-38.3056,145.1948
Sandpiper,12,1949,Victoria,-38.0437,141.0067
Sandpiper,,,Victoria,-38.3607,145.21
Sandpiper,9,1977,Victoria,-38.2068,145.3763
Sandpiper,12,2018,Victoria,-38.561,142.0944
Sandpiper,,,Victoria,-38.4151,145.4179
Sandpiper,12,2018,Victoria,-38.3802,142.2414
Sandpiper,3,1999,Victoria,-38.4029,142.5629
Sandpiper,3,1990,Victoria,-38.0656,144.4085
Sandpiper,12,2000,Victoria,-37.9817,144.6619
Sandpiper,3,1979,Victoria,-37.9151,145.2513
Sandpiper,3,1978,Victoria,-38.4151,142.418
Sandpiper,12,1995,Victoria,-37.9998,144.4108
Sandpiper,12,1999,Victoria,-38.3815,142.235
Sandpiper,12,1978,Victoria,-37.7485,142.2513
Sandpiper,12,1979,Victoria,-38.2485,144.5846
Sandpiper,3,2009,Victoria,-38.0956,141.086
Sandpiper,,,Victoria,-37.9985,144.8346
Sandpiper,3,1998,Victoria,-38.3897,142.2329
Sandpiper,,,Victoria,-38.0651,147.7679
Sandpiper,9,2005,Victoria,-38.0651,145.1679
Sandpiper,3,1977,Victoria,-37.9151,145.0846
Sandpiper,,,Victoria,-37.5817,149.7512
Sandpiper,3,1997,Victoria,-38.3945,142.202
Sandpiper,12,1977,Victoria,-37.9151,145.0846
Sandpiper,12,1981,Victoria,-38.2068,145.3763
Sandpiper,12,2006,Victoria,-38.3257,145.1896
Sandpiper,3,2017,Victoria,-37.4399,144.9981
Sandpiper,12,2017,Victoria,-38.561,142.0944
Sandpiper,3,1975,Victoria,-38.4694,145.4055
Sandpiper,12,1981,Victoria,-38.2485,144.5846
Sandpiper,12,1977,Victoria,-38.0818,141.0847
Sandpiper,12,1976,Victoria,-38.2068,145.3763
Sandpiper,12,1978,Victoria,-38.2485,141.7513
Sandpiper,6,1978,Victoria,-38.4152,141.5847
Sandpiper,3,1976,Victoria,-37.9984,145.1679
Sandpiper,,,Victoria,-37.5817,149.7512
Sandpiper,12,1980,Victoria,-38.2485,144.5846
Sandpiper,12,1997,Victoria,-37.8602,144.859
Sandpiper,3,1975,Victoria,-38.1651,145.1679
Sandpiper,9,2006,Victoria,-37.9849,144.6615
Sandpiper,12,1981,Victoria,-36.5818,146.5846
Sandpiper,9,1981,Victoria,-38.4152,141.5847
Sandpiper,3,1975,Victoria,-38.3721,145.2221
Sandpiper,3,1980,Victoria,-38.2485,144.7513
Sandpiper,12,2017,Victoria,-37.7597,148.788
Sandpiper,12,1977,Victoria,-36.9152,141.2513
Sandpiper,9,2000,Victoria,-38.3519,142.3066
Sandpiper,12,1987,Victoria,-38.5341,143.9745
Sandpiper,12,1980,Victoria,-38.0818,145.2513
Sandpiper,12,1979,Victoria,-38.2485,144.5846
Sandpiper,12,2018,Victoria,-38.3802,142.2414
Sandpiper,12,1999,Victoria,-38.0492,141.0088
Sandpiper,12,1992,Victoria,-38.3151,145.2013
Sandpiper,12,2018,Victoria,-38.561,142.0944
Sandpiper,3,1983,Victoria,-38.0709,145.172
Sandpiper,12,1977,Victoria,-37.5818,144.5846
Sandpiper,1,1950,Victoria,-37.8544,144.8387
Sandpiper,12,1978,Victoria,-38.2485,144.5846
Sandpiper,12,2018,Victoria,-38.3802,142.2414
Sandpiper,3,1977,Victoria,-38.0402,141.043
Sandpiper,9,1989,Victoria,-38.2068,145.3763
Sandpiper,3,1962,New South Wales,-34.1651,142.1679
Sandpiper,12,2018,Victoria,-37.8981,144.7799
Sandpiper,9,1980,Victoria,-38.2485,144.5846
Sandpiper,1,1928,Victoria,-38.4985,142.5013
Sandpiper,9,1979,Victoria,-38.2485,144.5846
Sandpiper,12,2017,Victoria,-37.8981,144.7799
Sandpiper,,,Victoria,-37.9151,147.7512
Sandpiper,12,1974,Victoria,-38.3818,145.2679
Sandpiper,3,1993,Victoria,-38.3878,142.2409
Sandpiper,12,2018,Victoria,-37.8981,144.7799
Sandpiper,6,1977,Victoria,-38.2485,144.5846
Sandpiper,3,1979,Victoria,-38.2485,144.418
Sandpiper,12,1980,Victoria,-38.0818,144.5846
Sandpiper,3,2019,Victoria,-37.8981,144.7799
Sandpiper,3,2019,Victoria,-37.5573,145.1372
Sandpiper,3,1988,Victoria,-38.1543,144.42
Sandpiper,12,2017,Victoria,-38.464,145.3026
Sandpiper,3,2019,Victoria,-37.8981,144.7799
Sandpiper,3,1988,Victoria,-36.7106,144.2622
Sandpiper,9,1987,Victoria,-38.4688,145.4063
Sandpiper,12,2000,Victoria,-38.0645,145.1688
Sandpiper,12,2017,Victoria,-38.464,145.3026
Sandpiper,12,2018,Victoria,-38.3889,142.2423
Sandpiper,9,2018,Victoria,-38.3885,142.2411
Sandpiper,9,2016,Victoria,-38.0761,144.4326
Sandpiper,6,1978,Victoria,-37.7484,148.5846
Sandpiper,9,1979,Victoria,-38.2485,144.5846
Sandpiper,4,1993,Victoria,-38.2318,145.4846
Sandpiper,,,Victoria,-37.8318,145.0013
Sandpiper,9,2017,Victoria,-38.464,145.3026
Sandpiper,3,1975,Victoria,-38.3721,145.2221
Sandpiper,3,1977,Victoria,-38.6401,146.6596
Sandpiper,3,2007,Victoria,-38.0666,145.1666
Sandpiper,,,Victoria,-37.5817,149.7512
Sandpiper,9,1980,Victoria,-38.4152,141.5847
Sandpiper,12,2016,Victoria,-38.4289,144.181
Sandpiper,9,2005,Victoria,-38.6568,145.8089
Sandpiper,9,1976,Victoria,-38.3318,145.5013
Sandpiper,1,1993,Victoria,-37.7752,148.5166
Sandpiper,12,1991,Victoria,-38.2068,145.3763
Sandpiper,12,1981,Victoria,-38.2485,144.5846
Sandpiper,,,Victoria,-37.5817,149.7512
Sandpiper,9,1978,Victoria,-38.0818,141.0847
Sandpiper,3,2007,Victoria,-38.3166,142.0638
Sandpiper,,,Victoria,-37.8318,145.0013
Sandpiper,12,1974,Victoria,-38.3151,145.2013
Sandpiper,1,1977,Victoria,-38.6234,146.6263
Sandpiper,3,1974,Victoria,-38.2068,145.3763
Sandpiper,12,2008,Victoria,-38.5061,145.158
Sandpiper,3,1992,Victoria,-38.3878,142.2409
Sandpiper,3,2017,Victoria,-37.8644,144.9658
Sandpiper,3,2007,Victoria,-37.7825,144.9408
Sandpiper,12,1978,Victoria,-36.7485,144.2513
Sandpiper,3,1980,Victoria,-38.2485,144.5846
Sandpiper,9,2018,Victoria,-38.3788,142.2394
Sandpiper,3,2019,Victoria,-37.8981,144.7799
Sandpiper,12,1991,Victoria,-38.0482,147.4634
Sandpiper,12,1962,Victoria,-38.1318,141.1013
Sandpiper,12,2003,Victoria,-37.848,147.8145
Sandpiper,12,2017,Victoria,-38.464,145.3026
Sandpiper,3,1989,Victoria,-36.7106,144.2645
Sandpiper,12,1981,Victoria,-38.2485,144.5846
Sandpiper,12,2018,Victoria,-38.3788,142.2394
Sandpiper,4,1984,Victoria,-34.3568,142.0263
Sandpiper,12,2017,Victoria,-38.3819,142.2311
Sandpiper,9,2006,Victoria,-37.8297,144.898
Sandpiper,3,2019,Victoria,-37.8981,144.7799
Sandpiper,9,1975,Victoria,-38.5151,145.3513
Sandpiper,12,2017,Victoria,-38.3889,142.2423
Sandpiper,12,2007,Victoria,-38.0666,145.1666
Sandpiper,12,2018,Victoria,-37.8981,144.7799
Sandpiper,1,1999,Victoria,-38.0638,145.1768
Sandpiper,9,2000,Victoria,-37.7813,149.3092
Sandpiper,3,2007,Victoria,-38.5,145.15
Sandpiper,12,2018,Victoria,-37.8981,144.7799
Sandpiper,3,2001,Victoria,-38.6336,145.7506
Sandpiper,12,1991,Victoria,-38.2151,145.3179
Sandpiper,3,1981,Victoria,-38.2485,144.5846
Sandpiper,3,2019,Victoria,-37.8563,144.853
Sandpiper,1,1980,Victoria,-38.2485,144.7513
Sandpiper,12,2018,Victoria,-38.3819,142.2311
Sandpiper,1,1985,Victoria,-35.5901,143.7763
Sandpiper,9,1977,Victoria,-38.0818,141.0847
Sandpiper,12,1985,Victoria,-36.6846,144.3102
Sandpiper,12,1979,Victoria,-38.2485,144.418
Sandpiper,9,2014,Victoria,-38.3002,144.3743
Sandpiper,6,2018,Victoria,-37.7999,148.7414
Sandpiper,4,1978,Victoria,-38.2485,144.7513
Sandpiper,3,2019,Victoria,-37.8981,144.7799
Sandpiper,4,1999,Victoria,-38.3532,141.6017
Sandpiper,9,2017,Victoria,-38.6724,145.7986
Sandpiper,3,1980,Victoria,-38.2485,144.5846
Sandpiper,3,1988,Victoria,-38.1515,144.4226
Sandpiper,12,2007,Victoria,-38.0666,145.1666
Sandpiper,9,1993,Victoria,-37.8276,144.902
Sandpiper,4,1972,Victoria,-38.2177,145.3511
Sandpiper,3,2019,Victoria,-37.8981,144.7799
Sandpiper,10,1999,Victoria,-38.3532,141.6017
Sandpiper,9,2017,Victoria,-38.464,145.3026
Sandpiper,12,1999,Victoria,-38.6479,143.0853
Sandpiper,3,1995,Victoria,-38.1523,144.4214
Sandpiper,6,1978,Victoria,-38.4526,145.5782
Sandpiper,3,2001,Victoria,-38.0645,145.1688
Sandpiper,10,2016,Victoria,-38.5959,143.9191
Sandpiper,9,2018,Victoria,-38.3889,142.2423
Sandpiper,12,1980,Victoria,-37.9151,144.7513
Sandpiper,3,1974,Victoria,-38.2734,145.3263
Sandpiper,1,1977,Victoria,-37.6651,150.0012
Sandpiper,9,1979,Victoria,-38.2234,145.3096
Sandpiper,9,1980,Victoria,-38.2485,144.7513
Sandpiper,9,1990,Victoria,-38.2621,144.6701
Sandpiper,7,1975,Victoria,-37.9984,145.1679
Sandpiper,9,2004,Victoria,-38.6568,145.8089
Sandpiper,10,1981,Victoria,-38.3068,145.3096
Sandpiper,12,1991,Victoria,-38.0391,147.4633
Sandpiper,10,1988,Victoria,-37.8257,144.8975
Sandpiper,1,1974,Victoria,-38.4985,142.5013
Sandpiper,12,1986,Victoria,-38.2068,145.3763
Sandpiper,12,2018,Victoria,-38.3889,142.2423
Sandpiper,9,1983,Victoria,-38.3922,145.3919
Sandpiper,12,1978,Victoria,-38.5151,145.3513
Sandpiper,1,2017,Victoria,-37.9979,144.5917
Sandpiper,,,Victoria,-37.9151,147.7512
Sandpiper,,,Victoria,-38.4151,144.0846
Sandpiper,3,2017,Victoria,-37.5573,145.1372
Sandpiper,12,1990,Victoria,-38.2068,145.3763
Sandpiper,12,1976,Victoria,-38.3818,145.2013
Sandpiper,4,1981,Victoria,-38.2485,144.5846
Sandpiper,,,Victoria,-37.9151,147.7512
Sandpiper,12,1999,Victoria,-38.0645,145.1688
Sandpiper,12,1978,Victoria,-38.5151,145.3513
Sandpiper,3,2018,Victoria,-37.5573,145.1372
Sandpiper,10,1999,Victoria,-38.0537,141.011
Sandpiper,12,2018,Victoria,-38.3125,145.1905
Sandpiper,,,Victoria,-37.8318,145.0013
Sandpiper,10,2012,Victoria,-37.62,142.856
Sandpiper,,,Victoria,-37.9151,147.7512
Sandpiper,1,1999,Victoria,-38.3532,141.6017
Sandpiper,12,2017,Victoria,-38.464,145.3026
Sandpiper,12,1978,Victoria,-38.2902,141.793
Sandpiper,10,2018,Victoria,-38.4882,145.4352
Sandpiper,12,1980,Victoria,-38.0818,141.0847
Sandpiper,3,2004,Victoria,-38.6568,145.8089
Sandpiper,9,2018,Victoria,-38.3819,142.2311
Sandpiper,3,2019,Victoria,-37.5573,145.1372
Sandpiper,10,1981,Victoria,-37.9151,144.9179
Sandpiper,9,2001,Victoria,-38.2656,144.4928
Sandpiper,1,1967,Victoria,-38.6651,143.0513
Sandpiper,4,2017,Victoria,-35.6742,143.7298
Sandpiper,3,1982,New South Wales,-34.1676,142.0814
Sandpiper,,,Victoria,-38.4151,144.0846
Sandpiper,,,Victoria,-37.9985,144.7513
Sandpiper,3,2018,Victoria,-37.5573,145.1372
Sandpiper,9,2017,Victoria,-38.5758,145.5109
Sandpiper,9,1980,Victoria,-38.0818,144.5846
Sandpiper,1,2017,Victoria,-37.9979,144.5917
Sandpiper,1,1980,Victoria,-38.2353,145.3165
Sandpiper,12,2017,Victoria,-38.0493,141.006
Sandpiper,9,1974,Victoria,-38.4151,145.4346
Sandpiper,,,Victoria,-37.8318,145.0013
Sandpiper,3,1977,Victoria,-38.4152,142.0847
Sandpiper,12,2018,Victoria,-38.3819,142.2311
Sandpiper,12,1987,Victoria,-38.0709,145.172
Sandpiper,1,2017,Victoria,-37.9979,144.5917
Sandpiper,4,1984,Victoria,-38.2151,145.3179
Sandpiper,1,1977,Victoria,-38.5818,143.5846
Sandpiper,1,2014,Victoria,-36.6906,144.304
Sandpiper,1,1977,Victoria,-38.6234,146.7096
Sandpiper,1,2017,Victoria,-37.9028,144.7793
Sandpiper,9,2018,Victoria,-38.3889,142.2423
Sandpiper,12,2017,Victoria,-38.3819,142.2311
Sandpiper,1,2010,Victoria,-37.9849,144.6615
Sandpiper,4,1987,Victoria,-38.2151,145.3179
Sandpiper,10,2017,Victoria,-38.561,142.0944
Sandpiper,1,1984,Victoria,-35.4985,143.6679
Sandpiper,1,2019,Victoria,-37.9028,144.7793
Sandpiper,1,2000,Victoria,-38.3532,141.6017
Sandpiper,12,2018,Victoria,-38.7644,143.6667
Sandpiper,9,2018,Victoria,-38.3819,142.2311
Sandpiper,1,2018,Victoria,-37.4311,143.706
Sandpiper,1,2008,Victoria,-38.0666,145.1666
Sandpiper,1,2000,Victoria,-38.6729,145.8005
Sandpiper,10,1981,Victoria,-38.2485,144.7513
Sandpiper,3,1989,Victoria,-36.7101,144.2421
Sandpiper,10,2006,Victoria,-37.0297,143.7433
Sandpiper,12,1964,Victoria,-38.0902,141.0597
Sandpiper,12,1978,Victoria,-36.7485,144.2513
Sandpiper,1,2016,Victoria,-38.3045,144.3677
Sandpiper,4,1978,Victoria,-38.2485,144.5846
Sandpiper,1,1976,Victoria,-38.1651,145.1679
Sandpiper,1,1974,Victoria,-38.3984,145.2846
Sandpiper,12,1991,Victoria,-37.7778,148.5302
Sandpiper,4,1978,Victoria,-37.7484,144.9179
Sandpiper,12,1964,Victoria,-38.0902,141.0597
Sandpiper,12,1977,Victoria,-38.2485,144.418
Sandpiper,4,1972,Victoria,-38.1651,145.1679
Sandpiper,1,1979,Victoria,-38.2485,144.5846
Sandpiper,1,1975,Victoria,-37.9387,144.3788
Sandpiper,1,1973,New South Wales,-35.8568,145.6096
Sandpiper,9,1979,Victoria,-38.2485,144.2513
Sandpiper,1,2017,Victoria,-38.3052,144.377
Sandpiper,10,1981,Victoria,-38.2485,144.7513
Sandpiper,3,2003,Victoria,-38.6568,145.8089
Sandpiper,1,1981,Victoria,-38.3734,145.5429
Sandpiper,10,1980,Victoria,-38.2485,144.5846
Sandpiper,12,1981,Victoria,-37.9151,144.7513
Sandpiper,1,2019,Victoria,-38.3022,145.195
Sandpiper,3,1977,Victoria,-38.0818,141.0847
Sandpiper,1,2011,Victoria,-37.9812,144.6636
Sandpiper,10,2017,Victoria,-37.859,144.8671
Sandpiper,,,Victoria,-34.1651,142.0013
Sandpiper,1,2017,Victoria,-38.1553,144.5519
Sandpiper,1,2008,Victoria,-38.0666,145.1666
Sandpiper,12,1991,Victoria,-38.0482,147.4634
Sandpiper,1,1965,Victoria,-38.1651,145.1679
Sandpiper,3,2007,Victoria,-38.5061,145.158
Sandpiper,1,2017,Victoria,-37.9979,144.5917
Sandpiper,1,1980,Victoria,-38.3735,145.1263
Sandpiper,10,1995,Victoria,-37.9998,144.4108
Sandpiper,10,1992,Victoria,-37.7545,142.2177
Sandpiper,1,1980,Victoria,-38.3401,145.2096
Sandpiper,4,1984,Victoria,-38.2068,145.3763
Sandpiper,1,1972,Victoria,-37.9568,145.2929
Sandpiper,3,1978,Victoria,-37.9151,144.7513
Sandpiper,1,2017,Victoria,-37.9979,144.5917
Sandpiper,1,2012,Victoria,-37.9849,144.6615
Sandpiper,6,1979,Victoria,-38.2485,144.2513
Sandpiper,4,2001,Victoria,-38.2629,144.4941
Sandpiper,1,2019,Victoria,-37.8981,144.7799
Sandpiper,1,2009,Victoria,-37.9849,144.6615
Sandpiper,10,2018,Victoria,-37.8608,144.875
Sandpiper,10,1998,Victoria,-38.5777,145.5117
Sandpiper,1,2019,Victoria,-37.7945,148.5354
Sandpiper,1,1978,Victoria,-38.4151,142.5847
Sandpiper,1,1977,Victoria,-38.0057,144.5587
Sandpiper,10,1988,Victoria,-38.2666,144.5385
Sandpiper,1,1970,Victoria,-37.8544,144.8387
Sandpiper,1,1981,Victoria,-38.2485,144.7513
Sandpiper,1,1971,Victoria,-37.9985,141.8347
Sandpiper,12,1999,Victoria,-36.6889,141.9399
Sandpiper,1,1950,Victoria,-37.8735,144.8929
Sandpiper,1,1981,Victoria,-38.3734,145.2929
Sandpiper,,,Victoria,-37.9151,147.7512
Sandpiper,4,2019,Victoria,-37.8708,144.8248
Sandpiper,10,1998,Victoria,-38.3532,141.6017
Sandpiper,1,2019,Victoria,-37.7945,148.5354
Sandpiper,1,2011,Victoria,-37.9849,144.6615
Sandpiper,3,2016,Victoria,-38.3002,144.3743
Sandpiper,1,2014,Victoria,-38.2923,144.3863
Sandpiper,1,2017,Victoria,-37.9979,144.5917
Sandpiper,10,1998,Victoria,-38.3981,142.5124
Sandpiper,4,2019,Victoria,-37.8708,144.8248
Sandpiper,10,1996,Victoria,-37.8602,144.859
Sandpiper,1,2008,Victoria,-37.9849,144.6615
Sandpiper,10,1974,Victoria,-38.4985,142.168
Sandpiper,9,2008,Victoria,-37.8563,144.9347
Sandpiper,1,1977,Victoria,-37.7485,142.2513
Sandpiper,4,1979,Victoria,-38.2068,145.3763
Sandpiper,1,2011,Victoria,-37.9812,144.6636
Sandpiper,1,1977,Victoria,-38.0818,144.418
Sandpiper,10,1996,Victoria,-37.8602,144.859
Sandpiper,6,1931,Victoria,-37.9985,145.0013
Sandpiper,10,2018,Victoria,-37.8563,144.853
Sandpiper,9,2017,Victoria,-38.464,145.3026
Sandpiper,10,1986,Victoria,-38.0401,144.543
Sandpiper,10,2007,Victoria,-37.7938,148.5294
Sandpiper,12,1977,Victoria,-37.9151,144.7513
Sandpiper,10,2017,Victoria,-38.5194,142.1528
Sandpiper,1,1993,Victoria,-38.1543,144.42
Sandpiper,12,1978,Victoria,-38.5818,145.2513
Sandpiper,1,1977,Victoria,-38.0818,141.0847
Sandpiper,3,1979,Victoria,-38.0818,144.5846
Sandpiper,4,1980,Victoria,-38.2485,144.5846
Sandpiper,10,1978,Victoria,-38.2484,145.4179
Sandpiper,10,2018,Victoria,-38.3889,142.2423
Sandpiper,11,1980,Victoria,-37.9151,144.9179
Sandpiper,1,2001,Victoria,-38.5794,145.5105
Sandpiper,9,2018,Victoria,-38.3889,142.2423
Sandpiper,7,1989,Victoria,-37.9023,144.8009
Sandpiper,12,1991,Victoria,-38.0391,147.4633
Sandpiper,10,2017,Victoria,-38.464,145.3026
Sandpiper,1,1981,Victoria,-38.2485,144.5846
Sandpiper,1,1978,Victoria,-38.286,145.0981
Sandpiper,2,1987,Victoria,-37.9068,147.7429
Sandpiper,1,1977,Victoria,-38.4152,142.2513
Sandpiper,9,2017,Victoria,-38.3889,142.2423
Sandpiper,1,1961,Victoria,-38.4985,142.3347
Sandpiper,9,2017,Victoria,-37.8981,144.7799
Sandpiper,10,2017,Victoria,-38.464,145.3026
Sandpiper,1,2001,Victoria,-37.9801,144.6734
Sandpiper,10,2018,Victoria,-38.3819,142.2311
Sandpiper,11,2000,Victoria,-38.3532,141.6017
Sandpiper,1,1977,Victoria,-38.4152,142.2513
Sandpiper,12,1980,Victoria,-37.5818,144.9179
Sandpiper,10,2010,Victoria,-37.9975,144.6259
Sandpiper,1,2019,Victoria,-38.3919,142.2396
Sandpiper,1,1981,Victoria,-38.3734,145.2096
Sandpiper,10,1973,Victoria,-38.4846,145.4253
Sandpiper,10,2018,Victoria,-38.3819,142.2311
Sandpiper,2,1992,Victoria,-38.1528,144.4209
Sandpiper,1,1960,Victoria,-35.8318,144.1679
Sandpiper,1,1976,Victoria,-38.3484,145.2179
Sandpiper,10,2014,Victoria,-38.3002,144.3743
Sandpiper,1,2017,Victoria,-37.9979,144.5917
Sandpiper,4,1989,Victoria,-38.763,143.6721
Sandpiper,4,1982,Victoria,-38.2901,144.5096
Sandpiper,10,2018,Victoria,-38.3889,142.2423
Sandpiper,11,2009,Victoria,-37.9849,144.6615
Sandpiper,1,2017,Victoria,-37.9028,144.7793
Sandpiper,4,1976,Victoria,-38.3984,145.2846
Sandpiper,10,1992,Victoria,-35.1652,141.8155
Sandpiper,10,2017,Victoria,-38.561,142.0944
Sandpiper,1,2000,Victoria,-37.9653,147.0029
Sandpiper,1,2017,Victoria,-37.8265,144.8965
Sandpiper,1,2019,Victoria,-38.4957,145.4357
Sandpiper,1,2001,Victoria,-38.0537,141.011
Sandpiper,1,2019,Victoria,-38.3085,145.1976
Sandpiper,1,2019,Victoria,-38.605,146.8878
Sandpiper,10,1987,Victoria,-38.0709,145.172
Sandpiper,1,1977,Victoria,-37.5817,149.9179
Sandpiper,1,2018,Victoria,-38.3125,145.1905
Sandpiper,1,2007,Victoria,-38.068,145.1455
Sandpiper,2,1988,Victoria,-38.0565,145.1701
Sandpiper,1,1970,Victoria,-38.0408,144.5119
Sandpiper,10,1988,Victoria,-38.2722,144.5932
Sandpiper,10,1985,Victoria,-38.0401,144.543
Sandpiper,4,2019,Victoria,-37.8692,144.843
Sandpiper,10,1979,Victoria,-38.2425,144.4651
Sandpiper,1,2015,Victoria,-38.3002,144.3737
Sandpiper,10,1979,Victoria,-38.2485,144.5846
Sandpiper,2,1983,Victoria,-36.6934,144.2987
Sandpiper,2,1985,Victoria,-34.2568,141.9929
Sandpiper,2,1972,Victoria,-38.4985,142.5013
Sandpiper,4,2017,Victoria,-38.21,145.4367
Sandpiper,10,2014,Victoria,-38.3002,144.3743
Sandpiper,4,2000,Victoria,-38.0537,141.011
Sandpiper,4,1974,Victoria,-38.2068,145.3763
Sandpiper,1,1980,Victoria,-38.2485,144.5846
Sandpiper,2,1985,Victoria,-36.6934,144.2987
Sandpiper,1,2000,Victoria,-38.0645,145.1688
Sandpiper,1,2001,Victoria,-38.0645,145.1688
Sandpiper,10,1975,Victoria,-38.3151,145.2013
Sandpiper,1,1980,Victoria,-38.0818,144.5846
Sandpiper,1,1975,Victoria,-38.3318,145.1679
Sandpiper,10,1978,Victoria,-38.3735,141.6263
Sandpiper,1,2017,Victoria,-37.4399,144.9981
Sandpiper,2,1999,Victoria,-38.4035,142.5125
Sandpiper,4,1980,Victoria,-36.5818,144.7513
Sandpiper,2,1999,Victoria,-38.3532,141.6017
Sandpiper,7,1974,Victoria,-38.3151,145.2013
Sandpiper,1,2019,Victoria,-37.8981,144.7799
Sandpiper,1,2009,Victoria,-37.9849,144.6615
Sandpiper,10,2017,Victoria,-37.859,144.8671
Sandpiper,1,1985,Victoria,-38.0709,145.172
Sandpiper,1,2018,Victoria,-37.8981,144.7799
Sandpiper,10,1975,Victoria,-38.2151,145.3179
Sandpiper,1,1973,Victoria,-38.0529,145.1725
Sandpiper,4,1978,Victoria,-38.2485,144.5846
Sandpiper,1,1966,Victoria,-38.7151,143.118
Sandpiper,1,2017,Victoria,-37.859,144.8671
Sandpiper,1,2017,Victoria,-37.859,144.8671
Sandpiper,1,1992,Victoria,-38.0392,147.4405
Sandpiper,1,2018,Victoria,-37.8981,144.7799
Sandpiper,4,1991,Victoria,-38.2151,145.3179
Sandpiper,4,1982,Victoria,-38.4264,141.5461
Sandpiper,10,2018,Victoria,-38.2142,145.3168
Sandpiper,1,1979,Victoria,-38.5818,142.918
Sandpiper,1,1977,Victoria,-38.0342,145.1274
Sandpiper,1,2006,Victoria,-37.9849,144.6615
Sandpiper,1,2016,Victoria,-38.3093,143.5926
Sandpiper,10,2017,Victoria,-38.3806,142.2407
Sandpiper,10,1998,Victoria,-38.0645,145.1688
Sandpiper,1,1977,Victoria,-37.9151,144.7513
Sandpiper,10,2017,Victoria,-38.464,145.3026
Sandpiper,1,2017,Victoria,-37.8644,144.9658
Sandpiper,10,2000,Victoria,-38.4649,145.3031
Sandpiper,4,1982,Victoria,-38.0709,145.172
Sandpiper,10,2017,Victoria,-38.464,145.3026
Sandpiper,10,2017,Victoria,-38.3806,142.2407
Sandpiper,1,2018,Victoria,-38.3889,142.2423
Sandpiper,10,2016,Victoria,-38.4289,144.181
Sandpiper,1,1974,Victoria,-38.2758,145.3144
Sandpiper,1,2019,Victoria,-38.3889,142.2423
Sandpiper,1,2019,Victoria,-37.8981,144.7799
Sandpiper,1,2017,Victoria,-38.0426,144.5231
Sandpiper,1,2017,Victoria,-38.464,145.3026
Sandpiper,1,1980,Victoria,-37.7568,144.8763
Sandpiper,1,2000,Victoria,-38.3917,142.2066
Sandpiper,1,2008,Victoria,-38.4747,145.2266
Sandpiper,1,2017,Victoria,-37.8644,144.9658
Sandpiper,1,1977,Victoria,-38.6234,146.7929
Sandpiper,1,2019,Victoria,-37.8981,144.7799
Sandpiper,1,2019,Victoria,-38.3889,142.2423
Sandpiper,10,1982,Victoria,-36.2891,144.8025
Sandpiper,10,1988,Victoria,-37.5518,143.8354
Sandpiper,4,1984,Victoria,-38.2234,145.3096
Sandpiper,10,2017,Victoria,-38.464,145.3026
Sandpiper,10,2018,Victoria,-37.8563,144.853
Sandpiper,10,2016,Victoria,-38.4289,144.181
Sandpiper,1,1987,Victoria,-38.0709,145.172
Sandpiper,10,1974,Victoria,-38.2151,145.3179
Sandpiper,1,1977,Victoria,-38.2484,145.4179
Sandpiper,1,1977,Victoria,-38.0818,145.0846
Sandpiper,1,1992,Victoria,-38.0482,147.4634
Sandpiper,2,1977,Victoria,-38.4214,145.3488
Sandpiper,1,1977,Victoria,-38.2484,145.2513
Sandpiper,2,1999,Victoria,-38.0555,140.9951
Sandpiper,1,1962,Victoria,-38.4985,142.3347
Sandpiper,10,2018,Victoria,-38.3819,142.2311
Sandpiper,4,1985,Victoria,-38.3088,145.2216
Sandpiper,1,1979,Victoria,-38.4152,142.2513
Sandpiper,1,2007,Victoria,-38.3257,145.1896
Sandpiper,2,1992,Victoria,-38.0565,145.1701
Sandpiper,1,1962,Victoria,-37.8318,142.3346
Sandpiper,11,2018,Victoria,-37.6033,144.2966
Sandpiper,10,2018,Victoria,-38.605,146.8878
Sandpiper,10,2018,Victoria,-38.5807,142.0238
Sandpiper,1,2019,Victoria,-38.3889,142.2423
Sandpiper,4,1977,Victoria,-38.4152,142.2513
Sandpiper,1,2019,Victoria,-37.8981,144.7799
Sandpiper,11,2017,Victoria,-37.9028,144.7793
Sandpiper,10,1979,Victoria,-35.7485,141.9179
Sandpiper,2,1987,Victoria,-38.2068,145.3763
Sandpiper,1,2019,Victoria,-38.605,146.8878
Sandpiper,1,2019,Victoria,-37.8981,144.7799
Sandpiper,1,2019,Victoria,-37.8981,144.7799
Sandpiper,8,2018,Victoria,-37.9028,144.7793
Sandpiper,1,2019,Victoria,-37.8981,144.7799
Sandpiper,11,1978,Victoria,-37.5606,149.911
Sandpiper,10,1998,Victoria,-38.0645,145.1688
Sandpiper,2,1992,Victoria,-38.2068,145.3763
Sandpiper,10,2018,Victoria,-38.2142,145.3168
Sandpiper,1,2019,Victoria,-37.8981,144.7799
Sandpiper,11,2017,Victoria,-37.9028,144.7793
Sandpiper,2,2006,Victoria,-38.5069,145.1588
Sandpiper,1,1977,Victoria,-38.0818,144.5846
Sandpiper,5,1978,Victoria,-37.9068,144.7763
Sandpiper,1,1950,Victoria,-37.8901,144.8263
Sandpiper,2,1979,Victoria,-38.2068,145.3763
Sandpiper,10,1982,Victoria,-36.4568,144.7929
Sandpiper,1,2019,Victoria,-37.8981,144.7799
Sandpiper,11,2017,Victoria,-37.9028,144.7793
Sandpiper,7,1977,Victoria,-38.2485,144.5846
Sandpiper,1,2007,Victoria,-38.3052,144.3761
Sandpiper,2,1977,Victoria,-37.7484,144.9179
Sandpiper,10,1986,Victoria,-38.345,141.6142
Sandpiper,1,2017,Victoria,-37.5573,145.1372
Sandpiper,1,2019,Victoria,-37.8981,144.7799
Sandpiper,11,2000,Victoria,-38.6074,142.8682
Sandpiper,5,2017,Victoria,-37.8795,144.8037
Sandpiper,10,1981,Victoria,-38.2485,144.5846
Sandpiper,2,1979,Victoria,-38.4984,145.3346
Sandpiper,2,2001,Victoria,-38.2564,144.4852
Sandpiper,4,1977,Victoria,-38.2484,145.2513
Sandpiper,1,2019,Victoria,-37.5573,145.1372
Sandpiper,1,1980,Victoria,-37.851,144.899
Sandpiper,4,2019,Victoria,-37.8692,144.843
Sandpiper,2,1986,Victoria,-38.3902,142.243
Sandpiper,1,1984,Victoria,-36.6846,144.3102
Sandpiper,1,2017,Victoria,-38.464,145.3026
Sandpiper,2,1981,Victoria,-38.7485,143.7513
Sandpiper,2,1984,Victoria,-38.2068,145.3763
Sandpiper,11,2014,Victoria,-38.0849,144.4264
Sandpiper,7,1977,Victoria,-37.9151,144.7513
Sandpiper,1,1978,Victoria,-38.0402,141.043
Sandpiper,2,1987,Victoria,-36.0735,141.593
Sandpiper,10,1974,Victoria,-38.5151,145.3513
Sandpiper,4,1979,Victoria,-38.2485,144.5846
Sandpiper,8,1987,Victoria,-38.3922,142.2478
Sandpiper,2,1975,Victoria,-38.2068,145.3763
Sandpiper,1,1977,Victoria,-37.9151,144.7513
Sandpiper,2,1986,Victoria,-38.7713,143.6632
Sandpiper,10,2014,Victoria,-38.3002,144.3743
Sandpiper,8,2017,Victoria,-38.4793,145.2365
Sandpiper,10,2017,Victoria,-38.4577,145.2965
Sandpiper,11,2017,Victoria,-37.9028,144.7793
Sandpiper,2,2009,Victoria,-37.9849,144.6615
Sandpiper,11,1974,Victoria,-38.6651,144.0013
Sandpiper,2,1983,Victoria,-36.6901,144.3096
Sandpiper,8,1999,Victoria,-38.3532,141.6017
Sandpiper,11,1998,Victoria,-38.3532,141.6017
Sandpiper,2,1958,New South Wales,-34.0985,142.0013
Sandpiper,1,1976,Victoria,-37.9984,147.8346
Sandpiper,2,2016,Victoria,-38.0449,144.5078
Sandpiper,11,2010,Victoria,-37.9849,144.6615
Sandpiper,2,1993,Victoria,-38.2068,145.3763
Sandpiper,4,1989,Victoria,-37.8482,144.8968
Sandpiper,10,2018,Victoria,-38.3819,142.2311
Sandpiper,8,2018,Victoria,-37.9028,144.7793
Sandpiper,8,1974,Victoria,-38.1651,145.1679
Sandpiper,10,2017,Victoria,-38.3802,142.2414
Sandpiper,10,2003,Victoria,-38.6568,145.8089
Sandpiper,11,2009,Victoria,-37.9849,144.6615
Sandpiper,11,2007,Victoria,-37.9619,144.633
Sandpiper,10,2018,Victoria,-38.4957,145.4357
Sandpiper,1,1977,Victoria,-37.5401,149.8762
Sandpiper,10,2017,Victoria,-38.464,145.3026
Sandpiper,2,2017,Victoria,-37.5598,145.125
Sandpiper,1,2019,Victoria,-38.3022,145.195
Sandpiper,2,2000,Victoria,-38.0537,141.011
Sandpiper,2,2006,Victoria,-38.0413,144.5358
Sandpiper,11,1999,Victoria,-38.6328,145.7541
Sandpiper,11,2017,Victoria,-37.9028,144.7793
Sandpiper,2,1978,Victoria,-38.4152,142.2513
Sandpiper,10,1999,Victoria,-36.6889,141.9399
Sandpiper,2,1986,Victoria,-38.3151,145.2013
Sandpiper,10,1996,Victoria,-37.8602,144.859
Sandpiper,4,1972,Victoria,-37.9985,145.0013
Sandpiper,2,1985,Victoria,-38.0401,144.543
Sandpiper,2,1985,Victoria,-34.7485,142.4179
Sandpiper,8,2017,Victoria,-38.6718,145.7984
Sandpiper,10,1974,Victoria,-38.2151,145.3179
Sandpiper,1,1971,Victoria,-38.4985,142.3347
Sandpiper,2,1986,Victoria,-38.4068,142.243
Sandpiper,1,2007,Victoria,-37.9849,144.6615
Sandpiper,2,1993,Victoria,-38.3238,142.0522
Sandpiper,2,1998,Victoria,-37.8602,144.859
Sandpiper,8,2017,Victoria,-38.4793,145.2365
Sandpiper,8,2017,Victoria,-38.6718,145.7984
Sandpiper,2,1977,Victoria,-37.9151,144.9179
Sandpiper,10,1962,Victoria,-37.8318,145.5013
Sandpiper,11,1990,Victoria,-38.0568,145.1429
Sandpiper,1,1901,Victoria,-38.1651,147.1679
Sandpiper,2,1981,Victoria,-38.2151,145.3179
Sandpiper,11,2018,Victoria,-37.7881,148.8861
Sandpiper,2,1992,Victoria,-38.1643,145.9573
Sandpiper,8,2017,Victoria,-38.6718,145.7984
Sandpiper,1,1975,Victoria,-37.8584,144.859
Sandpiper,4,2007,Victoria,-38.1244,144.4262
Sandpiper,11,2018,Victoria,-38.4831,145.018
Sandpiper,1,2015,Victoria,-38.3002,144.3737
Sandpiper,11,1996,Victoria,-37.8602,144.859
Sandpiper,8,2000,Victoria,-38.2468,143.0909
Sandpiper,8,2018,Victoria,-37.9979,144.5917
Sandpiper,11,2017,Victoria,-38.393,142.2462
Sandpiper,1,2019,Victoria,-38.4957,145.4357
Sandpiper,10,2017,Victoria,-38.5758,145.5109
Sandpiper,11,1973,Victoria,-38.3151,145.2013
Sandpiper,1,1978,Victoria,-38.4152,141.5847
Sandpiper,11,2018,Victoria,-37.4399,144.9981
Sandpiper,2,2019,Victoria,-37.8912,144.7961
Sandpiper,11,1979,Victoria,-38.4152,142.2513
Sandpiper,11,1978,Victoria,-38.2484,145.4179
Sandpiper,4,1977,Victoria,-38.0818,144.418
Sandpiper,1,1950,Victoria,-37.9235,144.7763
Sandpiper,11,2017,Victoria,-38.8071,146.2689
Sandpiper,10,2018,Victoria,-38.5807,142.0238
Sandpiper,2,1977,Victoria,-38.3721,145.2221
Sandpiper,8,2018,Victoria,-37.8981,144.7799
Sandpiper,11,2000,Victoria,-38.0537,141.011
Sandpiper,5,2019,Victoria,-38.561,142.0944
Sandpiper,2,1979,Victoria,-38.2068,145.3763
Sandpiper,2,1992,Victoria,-38.0482,147.452
Sandpiper,11,1980,Victoria,-38.2485,144.5846
Sandpiper,1,1977,Victoria,-38.2485,144.0846
Sandpiper,11,1978,Victoria,-38.0818,141.0847
Sandpiper,2,2019,Victoria,-37.8981,144.7799
Sandpiper,2,2001,Victoria,-38.0537,141.011
Sandpiper,8,1963,Victoria,-38.1651,145.1679
Sandpiper,10,2017,Victoria,-38.3803,142.2404
Sandpiper,11,1973,Victoria,-38.3484,145.2179
Sandpiper,2,2015,Victoria,-37.9954,144.6307
Sandpiper,10,2018,Victoria,-38.393,142.2462
Sandpiper,8,2017,Victoria,-38.4793,145.2365
Sandpiper,8,2018,Victoria,-37.8981,144.7799
Sandpiper,2,1989,Victoria,-38.0565,145.1701
Sandpiper,2,1983,Victoria,-38.1866,145.0778
Sandpiper,2,2014,Victoria,-38.0348,141.0012
Sandpiper,5,1974,Victoria,-38.2068,145.3763
Sandpiper,2,2001,Victoria,-38.3914,142.2375
Sandpiper,1,2001,Victoria,-37.9832,144.6482
Sandpiper,11,1977,Victoria,-38.6568,146.7096
Sandpiper,2,2016,Victoria,-38.3093,143.5926
Sandpiper,1,1971,Victoria,-37.9985,145.0013
Sandpiper,2,1999,Victoria,-37.8592,144.8556
Sandpiper,5,1978,Victoria,-38.0735,144.443
Sandpiper,5,1987,Victoria,-38.0401,144.543
Sandpiper,2,1986,Victoria,-38.7568,143.693
Sandpiper,4,1972,Victoria,-38.2177,145.3511
Sandpiper,2,1981,Victoria,-38.2485,144.5846
Sandpiper,2,1984,Victoria,-36.6846,144.3102
Sandpiper,1,1975,Victoria,-38.3679,145.2041
Sandpiper,2,1988,Victoria,-36.7106,144.2622
Sandpiper,5,1987,Victoria,-37.8304,144.9076
Sandpiper,2,1994,Victoria,-38.1543,144.42
Sandpiper,11,2017,Victoria,-38.464,145.3026
Sandpiper,1,1993,Victoria,-38.0482,147.452
Sandpiper,2,2019,Victoria,-37.8981,144.7799
Sandpiper,2,2017,Victoria,-37.7877,148.7717
Sandpiper,2,1988,Victoria,-38.0565,145.1701
Sandpiper,2,1977,New South Wales,-36.0818,144.7512
Sandpiper,11,1974,Victoria,-38.3984,145.2846
Sandpiper,2,2011,Victoria,-37.9812,144.6636
Sandpiper,2,2013,Victoria,-38.264,144.4945
Sandpiper,1,2007,Victoria,-37.9036,144.6583
Sandpiper,8,2018,Victoria,-37.8981,144.7799
Sandpiper,11,1979,Victoria,-38.2485,144.5846
Sandpiper,11,1999,Victoria,-38.3532,141.6017
Sandpiper,2,1993,Victoria,-38.0428,147.452
Sandpiper,5,1999,Victoria,-35.5144,143.7519
Sandpiper,2,1998,Victoria,-38.1115,145.4904
Sandpiper,11,1991,Victoria,-38.3878,142.2409
Sandpiper,1,1992,Victoria,-38.3238,142.0522
Sandpiper,2,1979,Victoria,-38.5151,145.3513
Sandpiper,11,2018,Victoria,-37.8981,144.7799
Sandpiper,8,2014,Victoria,-38.1667,141.2333
Sandpiper,8,1981,Victoria,-38.2484,145.2513
Sandpiper,11,2000,Victoria,-37.8257,144.8986
Sandpiper,2,1995,Victoria,-38.1543,144.42
Sandpiper,11,2018,Victoria,-37.8981,144.7799
Sandpiper,1,1971,Victoria,-38.4985,142.3347
Sandpiper,11,1973,Victoria,-38.5151,145.3513
Sandpiper,2,2018,Victoria,-37.859,144.8671
Sandpiper,2,2000,Victoria,-38.0645,145.1688
Sandpiper,8,2018,Victoria,-37.8981,144.7799
Sandpiper,8,2000,Victoria,-38.115,141.0031
Sandpiper,2,1980,Victoria,-37.7485,142.2513
Sandpiper,2,2008,Victoria,-38.2741,144.5877
Sandpiper,1,1951,Victoria,-38.4985,142.3347
Sandpiper,2,2017,Victoria,-37.5573,145.1372
Sandpiper,2,1993,Victoria,-37.7545,142.2177
Sandpiper,2,1992,Victoria,-38.0391,147.4633
Sandpiper,11,2017,Victoria,-37.8981,144.7799
Sandpiper,2,1987,Victoria,-38.0401,144.543
Sandpiper,2,1979,Victoria,-37.7485,142.2513
Sandpiper,2,1985,Victoria,-38.2656,144.4928
Sandpiper,5,2000,Victoria,-38.0537,141.011
Sandpiper,2,2018,Victoria,-37.5573,145.1372
Sandpiper,5,1978,Victoria,-38.0401,144.6096
Sandpiper,8,1988,Victoria,-37.7972,144.9153
Sandpiper,11,2017,Victoria,-38.464,145.3026
Sandpiper,11,1999,Victoria,-38.051,141.0076
Sandpiper,11,2018,Victoria,-38.605,146.8878
Sandpiper,2,2005,Victoria,-37.9835,144.6462
Sandpiper,11,1999,Victoria,-38.6328,145.7541
Sandpiper,2,2017,Victoria,-37.5573,145.1372
Sandpiper,11,1986,Victoria,-38.4068,142.243
Sandpiper,11,2006,Victoria,-38.0666,145.1666
Sandpiper,2,1975,Victoria,-38.3651,145.4846
Sandpiper,2,1997,Victoria,-38.4848,145.3072
Sandpiper,2,1980,Victoria,-38.2485,144.5846
Sandpiper,8,1973,Victoria,-38.4985,142.3347
Sandpiper,2,1991,Victoria,-38.2068,145.3763
Sandpiper,5,1988,Victoria,-37.8137,144.9319
Sandpiper,11,2017,Victoria,-38.393,142.2462
Sandpiper,2,2007,Victoria,-38.0666,145.1666
Sandpiper,11,2017,Victoria,-37.8027,148.7294
Sandpiper,2,1992,Victoria,-38.0392,147.4519
Sandpiper,2,1991,Victoria,-35.9725,141.8914
Sandpiper,2,1987,Victoria,-37.8734,147.6929
Sandpiper,11,2007,Victoria,-37.9849,144.6615
Sandpiper,8,1979,Victoria,-38.2485,144.418
Sandpiper,8,2018,Victoria,-37.8977,144.7588
Sandpiper,2,2018,Victoria,-38.4957,145.4357
Sandpiper,2,1986,Victoria,-38.7735,143.6763
Sandpiper,8,1981,Victoria,-38.2234,145.3096
Sandpiper,8,2017,Victoria,-38.464,145.3026
Sandpiper,2,2012,Victoria,-37.8585,144.8676
Sandpiper,2,1992,Victoria,-38.1543,144.42
Sandpiper,2,2005,Victoria,-37.8002,148.5352
Sandpiper,8,1977,Victoria,-38.5818,143.918
Sandpiper,11,2000,Victoria,-38.0645,145.1688
Sandpiper,11,2017,Victoria,-38.464,145.3026
Sandpiper,2,1974,Victoria,-38.5151,145.3513
Sandpiper,11,2018,Victoria,-38.3889,142.2423
Sandpiper,2,1980,Victoria,-38.5151,145.3513
Sandpiper,11,1981,Victoria,-38.2485,144.5846
Sandpiper,2,1977,Victoria,-37.9151,144.7513
Sandpiper,2,1969,Victoria,-38.4985,142.3347
Sandpiper,11,2017,Victoria,-38.3093,143.5926
Sandpiper,11,2017,Victoria,-38.464,145.3026
Sandpiper,2,2019,Victoria,-38.3889,142.2423
Sandpiper,11,2017,Victoria,-38.464,145.3026
Sandpiper,11,2000,Victoria,-38.2117,145.3695
Sandpiper,2,1952,Victoria,-38.4151,144.8346
Sandpiper,8,2018,Victoria,-37.8981,144.7799
Sandpiper,2,1999,Victoria,-38.3868,142.4801
Sandpiper,2,1997,Victoria,-38.4649,145.3031
Sandpiper,5,2019,Victoria,-38.3889,142.2423
Sandpiper,8,2014,Victoria,-38.1667,141.2333
Sandpiper,2,2019,Victoria,-38.3889,142.2423
Sandpiper,2,1989,Victoria,-38.3818,145.2013
Sandpiper,11,1999,Victoria,-38.0501,141.0076
Sandpiper,2,2019,Victoria,-38.3788,142.2394
Sandpiper,2,2019,Victoria,-37.5573,145.1372
Sandpiper,11,1978,Victoria,-37.5734,149.9095
Sandpiper,2,2013,Victoria,-38.2676,144.5062
Sandpiper,5,2019,Victoria,-38.3889,142.2423
Sandpiper,2,2007,Victoria,-38.3257,145.1896
Sandpiper,8,2018,Victoria,-37.8981,144.7799
Sandpiper,2,1977,Victoria,-38.2485,144.418
Sandpiper,2,1977,Victoria,-38.2485,144.5846
Sandpiper,2,1999,Victoria,-37.9148,144.7937
Sandpiper,2,2019,Victoria,-37.5573,145.1372
Sandpiper,11,2018,Victoria,-37.789,148.7711
Sandpiper,8,2018,Victoria,-37.8981,144.7799
Sandpiper,2,1977,Victoria,-37.9151,144.7513
Sandpiper,2,2009,Victoria,-37.9867,144.663
Sandpiper,8,1981,Victoria,-38.2485,144.418
Sandpiper,2,2019,Victoria,-37.5573,145.1372
Sandpiper,2,1978,Victoria,-38.0818,141.0847
Sandpiper,2,2017,Victoria,-37.5573,145.1372
Sandpiper,11,2004,Victoria,-38.6568,145.8089
Sandpiper,11,2017,Victoria,-38.393,142.2462
Sandpiper,2,2018,Victoria,-37.5573,145.1372
Sandpiper,2,2007,Victoria,-37.2041,145.0463
Sandpiper,11,1996,Victoria,-37.8565,144.858
Sandpiper,2,1975,Victoria,-38.4151,145.4346
Sandpiper,2,1980,Victoria,-38.4151,145.2513
Sandpiper,11,2018,Victoria,-38.3889,142.2423
Sandpiper,8,2001,Victoria,-38.0645,145.1688
Sandpiper,2,1998,Victoria,-37.993,144.5989
Sandpiper,8,2000,Victoria,-38.2461,145.0283
Sandpiper,2,2001,Victoria,-38.0645,145.1688
Sandpiper,11,2017,Victoria,-38.4577,145.2965
Sandpiper,5,1978,Victoria,-38.3068,145.4096
Sandpiper,5,2007,Victoria,-37.7371,147.5012
Sandpiper,8,2018,Victoria,-37.8981,144.7799
Sandpiper,11,2005,Victoria,-37.9805,144.6721
Sandpiper,11,1974,Victoria,-38.3088,145.2216
Sandpiper,11,2018,Victoria,-37.8981,144.7799
Sandpiper,8,2018,Victoria,-37.8977,144.7588
Sandpiper,2,1978,New South Wales,-34.0818,142.0846
Sandpiper,8,2018,Victoria,-37.8981,144.7799
Sandpiper,2,1983,Victoria,-34.1735,142.0596
Sandpiper,2,1979,Victoria,-38.0818,144.418
Sandpiper,8,1963,Victoria,-37.9985,145.0013
Sandpiper,2,1986,Victoria,-38.2151,145.3179
Sandpiper,2,1999,Victoria,-34.7648,142.335
Sandpiper,2,1987,Victoria,-38.2151,145.3179
Sandpiper,2,1993,Victoria,-38.0428,147.452
Sandpiper,2,2019,Victoria,-37.5573,145.1372
Sandpiper,11,2017,Victoria,-38.2648,144.5075
Sandpiper,2,2019,Victoria,-37.5573,145.1372
Sandpiper,5,2019,Victoria,-38.3889,142.2423
Sandpiper,2,2016,Victoria,-38.7644,143.6667
Sandpiper,11,2018,Victoria,-38.3889,142.2423
Sandpiper,8,2000,Victoria,-38.3505,141.6016
Sandpiper,2,2018,Victoria,-38.3889,142.2423
Sandpiper,3,2008,Queensland,-22.5563,150.5084
Sandpiper,9,1985,Queensland,-26.398406,153.05939
Sandpiper,,,Queensland,-24.798414,152.434386
Sandpiper,9,1990,Queensland,-27.566389,152.202222
Sandpiper,9,1991,Queensland,-27.566389,152.202222
Sandpiper,,,Queensland,-14.831807,145.167773
Sandpiper,12,1988,Queensland,-23.131757,150.742743
Sandpiper,12,1991,Queensland,-27.566389,152.202222
Sandpiper,,,Queensland,-21.2119,149.1764
Sandpiper,,,Queensland,-26.998404,153.138561
Sandpiper,12,1978,Queensland,-13.965986,143.616782
Sandpiper,12,1989,Queensland,-26.390072,153.105222
Sandpiper,9,1997,Queensland,-19.181667,146.683333
Sandpiper,,,Queensland,-23.298415,151.70106
Sandpiper,12,1978,Queensland,-13.965986,143.616782
Sandpiper,,,Queensland,-19.206786,146.746938
Sandpiper,,,Queensland,-25.10675,151.988561
Sandpiper,9,1985,Queensland,-26.398406,153.05939
Sandpiper,12,1997,Queensland,-19.181667,146.683333
Sandpiper,12,1978,Queensland,-13.965986,143.616782
Sandpiper,9,1990,Queensland,-27.556743,152.126082
Sandpiper,9,1991,Queensland,-27.098404,153.167728
Sandpiper,12,2008,Queensland,-10.982778,142.100278
Sandpiper,,,Queensland,-23.498414,151.767727
Sandpiper,12,1995,Queensland,-22.33391,150.65985
Sandpiper,9,1991,Queensland,-26.998404,153.138561
Sandpiper,,,Queensland,-23.515078,152.084388
Sandpiper,9,1990,Queensland,-19.981788,146.338614
Sandpiper,9,1977,Queensland,-23.665088,151.05107
Sandpiper,12,1992,Queensland,-27.566389,152.202222
Sandpiper,12,2008,Queensland,-10.982778,142.100278
Sandpiper,12,1991,Queensland,-27.4975,152.911389
Sandpiper,9,1968,Queensland,-23.50809,152.091
Sandpiper,9,2004,Queensland,-19.1427,146.7945
Sandpiper,6,2007,Queensland,-19.309722,147.404167
Sandpiper,,,Queensland,-23.448412,151.917724
Sandpiper,,,Queensland,-19.279008,146.833048
Sandpiper,12,2008,Queensland,-11.1675,143.015
Sandpiper,12,1991,Queensland,-27.4975,152.911389
Sandpiper,12,1983,Queensland,-27.373403,153.159397
Sandpiper,,,Queensland,-23.898409,152.401053
Sandpiper,9,1984,Queensland,-25.898499,139.355412
Sandpiper,9,1990,Queensland,-27.656738,152.821905
Sandpiper,9,2002,Queensland,-9.381944,142.641389
Sandpiper,9,1975,Queensland,-10.606841,141.909455
Sandpiper,12,1990,Queensland,-19.998444,148.226088
Sandpiper,,,Queensland,-11.4985,142.501121
Sandpiper,12,1995,Queensland,-22.51,150.7025
Sandpiper,3,1973,Queensland,-27.402569,153.163564
Sandpiper,3,1989,Queensland,-19.456782,147.480262
Sandpiper,9,1990,Queensland,-27.656738,152.821905
Sandpiper,,,Queensland,-27.365084,151.101097
Sandpiper,12,1988,Queensland,-23.131757,150.742743
Sandpiper,,,Queensland,-17.265,145.584444
Sandpiper,12,2005,Queensland,-11.10754,143.01757
Sandpiper,,,Queensland,-23.181744,151.901057
Sandpiper,3,1989,Queensland,-17.94846,146.159437
Sandpiper,,,Queensland,-27.273405,152.984399
Sandpiper,,,Queensland,-27.273405,152.984399
Sandpiper,,,Queensland,-24.798414,152.434386
Sandpiper,3,1994,Queensland,-27.606734,153.359395
Sandpiper,12,1982,Queensland,-27.394235,153.438559
Sandpiper,3,1989,Queensland,-17.869294,146.105271
Sandpiper,,,Queensland,-26.390072,153.105222
Sandpiper,,,Queensland,-16.910833,145.767778
Sandpiper,9,1986,Queensland,-27.556744,152.09275
Sandpiper,9,1986,Queensland,-27.440075,152.438576
Sandpiper,12,1997,Queensland,-23.809528,151.160777
Sandpiper,,,Queensland,-23.248413,151.784392
Sandpiper,9,1990,Queensland,-17.948468,146.159415
Sandpiper,,,Queensland,-12.998492,143.501114
Sandpiper,9,1991,Queensland,-27.556744,152.09275
Sandpiper,3,1998,Queensland,-24.707307,152.267021
Sandpiper,,,Queensland,-12.9985,141.601127
Sandpiper,3,1999,Queensland,-18.516667,146.316667
Sandpiper,12,1978,Queensland,-14.068319,143.685615
Sandpiper,,,Queensland,-12.998492,143.851106
Sandpiper,3,1995,Queensland,-25.194245,152.605219
Sandpiper,3,1989,Queensland,-19.456788,147.484408
Sandpiper,,,Queensland,-19.158737,146.857469
Sandpiper,,,Queensland,-9.998507,142.501117
Sandpiper,12,1983,Queensland,-27.37757,153.159397
Sandpiper,6,1992,Queensland,-27.223405,152.992732
Sandpiper,3,1984,Queensland,-27.37757,153.159397
Sandpiper,3,1991,Queensland,-19.21512,146.703327
Sandpiper,6,1992,Queensland,-27.790067,153.342731
Sandpiper,9,1995,Queensland,-25.40236,153.174038
Sandpiper,12,1932,Queensland,-19.273333,146.834444
Sandpiper,,,Queensland,-17.948333,146.159444
Sandpiper,1,1983,Queensland,-27.358695,151.100263
Sandpiper,,,Queensland,-16.899722,145.748333
Sandpiper,3,1988,Queensland,-27.34007,153.092731
Sandpiper,3,1988,Queensland,-27.34007,153.109397
Sandpiper,3,1984,Queensland,-27.373403,153.159397
Sandpiper,12,1978,Queensland,-14.068319,143.685615
Sandpiper,12,1927,Queensland,-23.50809,152.091
Sandpiper,,,Queensland,-23.931754,151.351065
Sandpiper,10,1991,Queensland,-27.4975,152.911389
Sandpiper,10,1984,Queensland,-27.077571,153.142728
Sandpiper,9,1957,Queensland,-10.573333,142.221944
Sandpiper,9,1998,Queensland,-18.516667,146.316667
Sandpiper,12,1995,Queensland,-22.498333,150.542778
Sandpiper,12,2013,Queensland,-22.5058,150.395
Sandpiper,6,1998,Queensland,-19.218056,146.921944
Sandpiper,12,1990,Queensland,-11.76823,143.09148
Sandpiper,4,1997,Queensland,-27.457284,153.186333
Sandpiper,1,1986,Queensland,-27.073405,152.976064
